{
  "timestamp": "2025-09-03T23:22:50.747368",
  "total_matches": 3,
  "predictions": [
    {
      "match": "Bayern Munich vs Borussia Dortmund",
      "predicted_outcome": "AwayWin",
      "confidence": 0.5982835263491708,
      "probabilities": {
        "Draw": 0.19563604867613468,
        "HomeWin": 0.20608042497469445,
        "AwayWin": 0.5982835263491708
      },
      "top_features": {
        "away_form": 234.0,
        "away_current_value_eur": 205.0,
        "away_squad_avg_age": 202.0,
        "home_current_value_eur": 180.0,
        "Form_Diff": 176.0
      }
    },
    {
      "match": "Bayer Leverkusen vs RB Leipzig",
      "predicted_outcome": "AwayWin",
      "confidence": 0.6660102118040401,
      "probabilities": {
        "Draw": 0.1368358629280907,
        "HomeWin": 0.1971539252678693,
        "AwayWin": 0.6660102118040401
      },
      "top_features": {
        "away_form": 234.0,
        "away_current_value_eur": 205.0,
        "away_squad_avg_age": 202.0,
        "home_current_value_eur": 180.0,
        "Form_Diff": 176.0
      }
    },
    {
      "match": "VfB Stuttgart vs Eintracht Frankfurt",
      "predicted_outcome": "AwayWin",
      "confidence": 0.6754717629393191,
      "probabilities": {
        "Draw": 0.15570565839346578,
        "HomeWin": 0.16882257866721512,
        "AwayWin": 0.6754717629393191
      },
      "top_features": {
        "away_form": 234.0,
        "away_current_value_eur": 205.0,
        "away_squad_avg_age": 202.0,
        "home_current_value_eur": 180.0,
        "Form_Diff": 176.0
      }
    }
  ]
}